name;count
ANNA;1373184
JAN;1106929
STANISŁAW;961248
PIOTR;819670
ANDRZEJ;745015
KRZYSZTOF;738537
ZOFIA;731930
JÓZEF;691962
KATARZYNA;682242
MAŁGORZATA;626627
KRYSTYNA;607769
BARBARA;600780
AGNIESZKA;595709
TOMASZ;583838
JANINA;580254
PAWEŁ;575459
MICHAŁ;569981
EWA;539038
ELŻBIETA;519616
HELENA;507807
ADAM;504915
TADEUSZ;483436
MARCIN;475867
TERESA;474020
MAREK;456941
MAGDALENA;455703
JADWIGA;454365
JERZY;452238
MARIANNA;447695
JAKUB;446291
JOANNA;446141
ALEKSANDRA;436767
GRZEGORZ;427383
HENRYK;405061
IRENA;402673
WOJCIECH;399386
MONIKA;399050
ZBIGNIEW;397837
ŁUKASZ;397720
DANUTA;387677
KAZIMIERZ;387564
MATEUSZ;387283
RYSZARD;367907
STANISŁAWA;359966
HALINA;359644
NATALIA;346336
JULIA;343045
MARIAN;341270
MARTA;341013
ANTONI;320225
KAROLINA;319774
DARIUSZ;318914
WŁADYSŁAW;316201
FRANCISZEK;315999
MARIUSZ;311223
ALICJA;297972
BEATA;290752
ROBERT;288230
DOROTA;286711
MACIEJ;285552
ROMAN;276748
RAFAŁ;276716
JACEK;265312
GRAŻYNA;262431
JOLANTA;261128
JANUSZ;260581
KAMIL;258301
SZYMON;252128
WIKTORIA;251960
HANNA;249889
DAWID;245958
ZUZANNA;244867
IWONA;243273
PAULINA;238748
MIROSŁAW;236069
KACPER;234700
URSZULA;228449
BOŻENA;227682
EDWARD;226718
ALEKSANDER;223127
JUSTYNA;222968
MIECZYSŁAW;222881
SŁAWOMIR;215872
JAROSŁAW;215065
ARTUR;214385
WIESŁAW;213930
CZESŁAW;209491
BARTOSZ;208898
EMILIA;208076
STEFAN;204938
ZDZISŁAW;203551
RENATA;202619
KAROL;200420
SEBASTIAN;194541
AGATA;193974
WERONIKA;192886
WANDA;192825
DAMIAN;191176
MAJA;189725
SYLWIA;187116
JÓZEFA;185457
STEFANIA;184915
PATRYK;184571
DANIEL;183339
FILIP;179172
GENOWEFA;175535
PRZEMYSŁAW;173977
PATRYCJA;171701
IZABELA;170447
OLIWIA;167476
EUGENIUSZ;164668
ZYGMUNT;162022
MIKOŁAJ;158733
LESZEK;157638
WŁADYSŁAWA;155703
ANETA;154662
ADRIAN;153892
KAZIMIERA;152350
EWELINA;151606
GABRIELA;149937
WALDEMAR;145536
MARTYNA;144974
BOGDAN;144959
ARKADIUSZ;144739
WIKTOR;144327
DOMINIK;143540
KLAUDIA;141357
WIESŁAWA;137842
LENA;135101
AMELIA;133699
MARZENA;133635
ALINA;132008
BARTŁOMIEJ;130452
DOMINIKA;126873
OLEKSANDR;125661
ANTONINA;125557
KINGA;123461
ANIELA;123353
EDYTA;119017
KRYSTIAN;118645
KAMILA;115948
LEON;114098
BRONISŁAWA;110757
LUCYNA;109425
RADOSŁAW;108891
KONRAD;102268
LIDIA;101641
HUBERT;99230
CZESŁAWA;97740
IGOR;97511
BRONISŁAW;96957
TETIANA;95344
REGINA;92819
WACŁAW;92743
LEOKADIA;91715
DARIA;91241
HENRYKA;90994
BOLESŁAW;90604
NATALIIA;90037
WITOLD;89955
ZENON;89636
BOGUSŁAW;88956
WŁODZIMIERZ;88240
MIROSŁAWA;87983
MARIOLA;86951
ŁUCJA;86782
OLENA;85467
MICHALINA;84426
MARCEL;83685
LAURA;83269
MAKSYMILIAN;83153
OSKAR;82471
IRYNA;82449
NIKODEM;79474
IRENEUSZ;79331
MILENA;79233
SABINA;78045
ANDRII;77255
IGNACY;76705
OLGA;76389
SERHII;75775
JULIAN;75007
WIOLETTA;74826
CECYLIA;71593
SYLWESTER;71278
BOGUMIŁA;70909
MIŁOSZ;68975
VOLODYMYR;68458
FRANCISZKA;67902
OLHA;67817
EUGENIA;66467
ROZALIA;66172
ANGELIKA;66063
OKSANA;65414
DMYTRO;64899
MARIIA;64456
OLIWIER;62572
SVITLANA;61950
ANASTASIIA;60617
IVAN;60081
YULIIA;59587
VIKTORIIA;59208
EDMUND;58794
ILONA;57864
BOGUSŁAWA;56489
MAKSYM;56329
KORNELIA;56228
NADIA;56002
SANDRA;55411
NINA;54849
LILIANA;53804
ALAN;53672
POLA;53658
CEZARY;53588
GERTRUDA;52002
IGA;51774
MARCELINA;51105
GABRIEL;51016
KATERYNA;50916
MARLENA;49772
KLARA;47783
ANITA;47445
MYKOLA;46047
NORBERT;45899
JAGODA;45836
FELIKS;45288
LIUDMYLA;45205
TYMON;44050
ANASTAZJA;43651
LUDWIK;42690
VITALII;42009
TYMOTEUSZ;41354
LECH;40411
YURII;39885
VLADYSLAV;39869
ZDZISŁAWA;39754
EMIL;39672
MYKHAILO;39344
IHOR;38844
DIANA;38609
KARINA;38572
VASYL;38469
RÓŻA;38440
DANIELA;38301
FABIAN;37936
ARTEM;37612
BERNARD;37260
LUCJAN;36663
BOHDAN;36281
ADRIANNA;35943
ERYK;35621
OLEH;35531
WIOLETA;35086
BŁAŻEJ;35026
HALYNA;35023
SARA;34620
SOFIIA;32806
ROKSANA;32502
DAGMARA;32428
MALWINA;32191
MARYNA;31927
VIKTOR;31287
ALOJZY;30821
VALENTYNA;30805
ELIZA;30791
APOLONIA;30276
ALFRED;29328
NADIIA;29204
BLANKA;28804
KAJA;28630
PELAGIA;28588
ŻANETA;27704
OLEKSII;27550
ROMUALD;27409
JULIANNA;27304
DENYS;27121
HONORATA;26824
SZCZEPAN;26725
ADELA;26628
MIECZYSŁAWA;26335
BERNADETA;26102
OLEKSANDRA;25859
WALERIA;25805
CELINA;25447
NATAN;25094
LUDWIKA;24971
LILIANNA;24758
KSAWERY;24585
WINCENTY;24446
MATYLDA;24326
RUSLAN;23461
ELEONORA;23334
ALDONA;23247
BORYS;22626
INNA;22619
REMIGIUSZ;22556
JULITA;22518
TEODOR;22298
AURELIA;22247
VIOLETTA;21951
FELIKSA;21900
YAROSLAV;21623
LIUBOV;21465
WACŁAWA;21148
YANA;20969
NELA;20945
PAVLO;20835
LEONARD;20570
ALIAKSANDR;20417
OLAF;20193
KAJETAN;19993
ALFREDA;19899
GERARD;19728
BRUNO;19493
FELICJA;19186
VADYM;19032
VERONIKA;18860
MAGDA;18686
LARYSA;18283
ALBERT;18159
KUBA;17815
BRYGIDA;17788
VALERIIA;17582
ANDREI;17578
ANATOLII;17577
BOGUMIŁ;17563
SEWERYN;17375
KONSTANTY;17352
BOŻENNA;17200
IZABELLA;17032
ADRIANA;16961
JOACHIM;16546
ALLA;16300
ILLIA;16224
PAULA;16140
WALENTYNA;16042
TOBIASZ;15897
ANTON;15871
YEVHEN;15797
LESŁAW;15731
DAVID;15626
HILDEGARDA;15342
ADOLF;15318
ERNEST;15305
KALINA;15293
ALFONS;15247
GRACJAN;15155
LILIIA;15048
WALENTY;14992
TAMARA;14890
NAZAR;14762
ALEXANDER;14728
RUDOLF;14524
OLIVIA;14509
PETRO;14434
MELANIA;14360
YEVHENII;14328
SIARHEI;14294
MIA;14226
ALONA;13930
MARIKA;13869
FLORIAN;13843
DZMITRY;13772
SONIA;13768
YELYZAVETA;13730
KORNEL;13705
BENEDYKT;13699
ELWIRA;13680
STANISLAV;13608
POLINA;13566
TATIANA;13256
HIERONIM;13184
DANYLO;13138
MARZANNA;13075
OLIVIER;12937
VALERII;12903
OTYLIA;12679
KHRYSTYNA;12675
LUIZA;12561
MARK;12395
ROMANA;12306
TARAS;12301
JULIUSZ;12246
ZENOBIA;12216
ALBINA;12164
ALEX;12042
ANDŻELIKA;12006
ARLETA;11718
IVANNA;11693
ZENONA;11597
TEODOZJA;11472
MARIANA;11412
VICTORIA;11381
KOSTIANTYN;11335
GUSTAW;11129
LIWIA;11099
JĘDRZEJ;11008
TEODORA;10765
AUGUSTYN;10724
SALOMEA;10679
VIACHESLAV;10623
ZYGFRYD;10586
RAJMUND;10582
VIRA;10369
NICOLE;10268
YEVHENIIA;10212
JUDYTA;10132
ANHELINA;10105
TEOFIL;9964
MILAN;9935
BOLESŁAWA;9813
ROMUALDA;9779
LEOPOLD;9722
NIKITA;9490
DARYNA;9480
LUDMIŁA;9467
KYRYLO;9400
OLIVER;9294
ELENA;9287
ALBIN;9261
ALEKSY;9228
DANIIL;9168
NATASZA;9154
DENIS;9134
PAVEL;9042
ALEKS;9025
JOWITA;9017
MYKYTA;9005
VANESSA;9004
BRUNON;8978
YEHOR;8959
ADELAJDA;8904
INGA;8733
MATVII;8730
MARHARYTA;8640
MILANA;8566
LESIA;8550
FRYDERYK;8512
SOFIA;8505
BIANKA;8447
KLAUDIUSZ;8336
MICHAEL;8325
DORIAN;8313
ADA;8306
MAKSIM;8290
MARTIN;8242
ALIAKSEI;8152
WILHELM;8140
JESSICA;8135
EMMA;8109
OLEG;8091
RITA;8081
KARYNA;7945
ESTERA;7939
NATANIEL;7921
LEONARDA;7908
MARZENNA;7900
VALENTYN;7898
ERWIN;7875
ERYKA;7854
STEPAN;7765
YEVA;7679
MAYA;7621
MIESZKO;7609
ALISA;7559
GIZELA;7542
SAMUEL;7526
LILIA;7522
LONGINA;7515
MARCELI;7510
ULIANA;7508
ZLATA;7496
TEOFILA;7486
DONATA;7485
KIRA;7434
LIDIIA;7375
CYPRIAN;7223
IDA;7165
TYMOFII;7153
BERNADETTA;7108
OLESIA;7057
NADZIEJA;7046
GIORGI;6909
WALERIAN;6906
TEKLA;6884
ROSTYSLAV;6853
DAVYD;6824
MYROSLAVA;6756
LEO;6627
EDUARD;6613
KSENIIA;6530
KLEMENS;6527
ELFRYDA;6451
HERBERT;6450
YAUHENI;6416
IRMINA;6372
KRISTINA;6343
KONSTANCJA;6324
RUSLANA;6310
ANETTA;6259
BRAJAN;6208
ARINA;6174
AMANDA;6103
SERGIUSZ;6080
GAJA;6077
SERGII;6026
KEVIN;6017
RYSZARDA;6015
ALENA;5984
FLORENTYNA;5976
DARIIA;5954
NAZARII;5918
VITA;5872
SOLOMIIA;5829
BERNARDA;5820
LEONID;5665
ULADZIMIR;5646
BENIAMIN;5620
IWO;5585
ANASTASIYA;5573
VITALI;5559
YURY;5527
VICTOR;5525
ZOJA;5458
SŁAWOMIRA;5449
WIERA;5305
YULIYA;5300
LUCJA;5294
MIKHAIL;5246
JEREMI;5245
KORDIAN;5216
TATSIANA;5215
LILLA;5180
WALTER;5152
ARIEL;5145
RAISA;5088
EMILIAN;5051
TYMUR;5028
ANATOL;5025
ZYTA;5002
VLADYSLAVA;4990
KATSIARYNA;4960
VOLHA;4933
VIKTORIA;4926
SVIATOSLAV;4912
MAXIMILIAN;4911
KUNEGUNDA;4904
FERDYNAND;4898
ULADZISLAU;4884
LILA;4826
GINTER;4817
KAMILLA;4806
WAWRZYNIEC;4805
HELMUT;4798
EDWIN;4746
OLGIERD;4711
ROLAND;4699
ZHANNA;4699
THOMAS;4697
IHAR;4669
MARCELA;4658
ANDRIY;4653
OLIMPIA;4647
ALEXANDRA;4631
NATALLIA;4622
ANGELINA;4596
KLEMENTYNA;4558
VARVARA;4555
BOHDANA;4552
BAZYLI;4537
IZYDOR;4534
PATRICK;4506
JAŚMINA;4494
OSCAR;4450
DZIANIS;4443
NEL;4424
ANZHELA;4331
EDWARDA;4307
ALEH;4305
LONGIN;4285
IRINA;4271
MIKALAI;4183
KSENIA;4179
EMANUEL;4157
FAUSTYNA;4085
VIKTAR;4048
EVA;4035
JAGNA;4004
NICOLAS;3970
MIRELA;3958
AMADEUSZ;3955
DARYA;3929
FILOMENA;3911
MARINA;3911
SEWERYNA;3911
BALBINA;3908
MAURYCY;3887
ARNOLD;3873
WERNER;3848
SNIZHANA;3802
EMILIIA;3781
ARTSIOM;3780
ZINAIDA;3751
PETER;3738
ANASTASIA;3726
MARYLA;3706
LEONTYNA;3701
YAROSLAVA;3672
MARCJANNA;3670
HENNADII;3654
NATALIYA;3646
SAMANTA;3568
MARIYA;3555
MARYIA;3546
MAKAR;3537
LECHOSŁAW;3529
RAMAN;3471
ZAKHAR;3435
MANFRED;3411
ZORIANA;3393
EDELTRAUDA;3359
OLIWER;3330
HRYHORII;3324
EMILY;3319
KEWIN;3300
VADZIM;3291
MIKITA;3281
NOEMI;3266
OKTAWIA;3252
MIRON;3249
ILYA;3246
BENJAMIN;3239
GALYNA;3230
ERNA;3219
AMALIA;3204
VLADIMIR;3203
ARSEN;3193
ION;3191
SOPHIE;3191
EVELINA;3182
NIKOL;3179
DIONIZY;3169
LEA;3143
PETRONELA;3120
BERTA;3103
MYROSLAV;3077
EWALD;3075
CLAUDIA;3072
ŁUCJAN;3065
JEREMIASZ;3062
NATHAN;3058
CHRISTIAN;3047
JACOB;3044
YURIY;3044
HUGO;3039
IURII;3029
LUBA;2992
HORST;2979
ANZHELIKA;2945
STELLA;2936
PAMELA;2923
KIRYL;2899
MAX;2891
RUTA;2881
OKTAWIAN;2871
ANA;2852
ALEKSANDR;2848
VIKTORYIA;2844
BONIFACY;2842
LARA;2836
BOGNA;2820
ALEXANDR;2816
GERHARD;2810
ZOIA;2806
MILA;2791
NELIA;2790
DANYIL;2772
SERGHEI;2771
WANESSA;2769
MARKO;2746
VALERY;2722
MICHELLE;2721
PAUL;2717
ADELINA;2704
KORNELIUSZ;2678
SVIATLANA;2667
DOMICELA;2666
KRZYSZTOFA;2662
HLIB;2652
TOLA;2631
MIRELLA;2621
ROCH;2616
JOHN;2607
IULIIA;2606
INEZ;2595
ERIKA;2592
OREST;2591
TYTUS;2588
LEV;2567
TIMUR;2566
KASPER;2565
TETYANA;2555
HERONIM;2552
GERDA;2551
ALI;2539
LIUDMILA;2531
KIRIL;2523
SARAH;2519
YAN;2514
ANGELA;2511
SVETLANA;2491
LEONIA;2479
KRYSPIN;2471
MATTHEW;2465
JONASZ;2459
VALENTINA;2458
ALIAKSANDRA;2445
LIUBOMYR;2439
ZIEMOWIT;2427
ANTHONY;2423
JUAN;2419
ARON;2418
GANNA;2411
VLADISLAV;2400
TAISIIA;2395
SOPHIA;2394
JONATAN;2368
NIKOLAS;2365
IRMGARDA;2357
ELIASZ;2353
XAVIER;2348
OLA;2347
HELGA;2339
JACENTY;2333
MAKS;2321
DYMITR;2318
LIAM;2312
MOHAMED;2309
DAVIT;2299
LINA;2282
CHRISTOPHER;2273
ANTONIA;2265
MIRIAM;2265
EULALIA;2262
ELIGIUSZ;2259
VASYLYNA;2243
GALINA;2230
JAROSŁAWA;2212
VINCENT;2206
VITALINA;2199
MAXIM;2198
INES;2198
ARSENII;2168
PHILIP;2165
NATALIE;2159
HERMAN;2156
ANDREAS;2155
HEORHII;2155
ANATOLI;2146
MIHAIL;2135
PRAKSEDA;2131
MAIIA;2130
DAMIR;2125
RAFAEL;2121
VITALIY;2110
MYKHAYLO;2107
WIT;2107
HIPOLIT;2090
JOSE;2073
AMINA;2069
JONATHAN;2066
ROMA;2065
LUIS;2055
ELINA;2055
OSTAP;2037
MARCO;2016
RICHARD;2002
LIVIA;1982
BERNARDYNA;1977
OTOLIA;1970
EUFEMIA;1963
MUHAMMAD;1950
LUKA;1943
CARLOS;1941
VIACHASLAU;1941
FEDIR;1939
WILLIAM;1939
KSENIYA;1932
AUGUST;1928
ALEXANDRU;1921
YAHOR;1919
SERGIY;1913
GLORIA;1913
SIMON;1911
IZA;1907
VADIM;1905
LEONARDO;1902
MARIETTA;1884
VERONICA;1877
ZBYSŁAW;1871
APOLINARY;1865
ELLA;1862
KSAWIER;1856
YANINA;1849
DEMIAN;1843
SERHIY;1837
GRETA;1833
EMA;1832
MANUELA;1831
VASILI;1823
IRAKLI;1822
MEHMET;1815
PATRYCJUSZ;1798
JANA;1798
ANTONIO;1791
AUGUSTYNA;1786
ISABELLA;1784
ARLETTA;1777
NICHOLAS;1776
ERIK;1775
SOFIYA;1761
LUCAS;1757
MIRA;1750
KANSTANTSIN;1747
DIEGO;1712
PALINA;1711
ALA;1703
KLAUDYNA;1693
BRIAN;1692
MYRON;1692
INA;1692
MARGARITA;1690
BENEDYKTA;1682
JÓZEFINA;1677
VALERYIA;1671
MARTINA;1669
BLANDYNA;1665
DMITRII;1664
BOGDANA;1658
JAMES;1654
ROKSOLANA;1654
EKATERINA;1641
BENON;1634
LUBOMIRA;1634
ARIANA;1630
STANISLAU;1627
HANNAH;1625
VERANIKA;1625
YARYNA;1625
DOBROSŁAWA;1620
WINCENTYNA;1612
KORNELA;1590
DANIL;1589
VASILE;1589
NADIYA;1575
LILY;1574
AHMED;1573
ANDREW;1569
KYRYL;1569
MOHAMMAD;1565
RUSTAM;1565
HILARY;1563
LUKAS;1557
EUZEBIUSZ;1554
ELIZABETH;1551
GABRYELA;1551
MALINA;1550
YELIZAVETA;1549
ERIC;1537
ELVIRA;1537
JENNIFER;1532
LYUDMYLA;1523
WILHELMINA;1517
KOSMA;1516
KASJAN;1515
ZENOBIUSZ;1514
CYRYL;1511
VERA;1511
IRMA;1503
CARMEN;1500
IDZI;1499
VALERIA;1498
JOSEPH;1496
ANDRIANA;1493
LIGIA;1491
VIOLETA;1491
LINDA;1490
DINA;1488
NICOLAE;1487
WALESKA;1485
SERGEI;1479
DANA;1477
LIZAVETA;1476
PATRICIA;1472
SABRINA;1465
AARON;1461
ALESIA;1448
AMIR;1445
HANKA;1445
KURT;1439
SCHOLASTYKA;1439
FRANK;1429
CRISTIAN;1427
ALICE;1426
GABRIELLA;1406
LIANA;1399
MARKUS;1398
MUSTAFA;1397
DENNIS;1395
ARTHUR;1394
JAROMIR;1391
NOAH;1390
ILIA;1379
LYUBOV;1376
NAOMI;1371
ERNESTYNA;1360
KLAUS;1353
WIRGINIA;1353
ZBYSZEK;1352
SEMEN;1346
DOMINIC;1345
NICOL;1344
YULIANA;1343
TAMILA;1342
LASHA;1336
MARIO;1336
SERGEY;1336
YAUHEN;1332
LEVAN;1328
PLATON;1324
AURORA;1318
ALICIA;1305
AKSANA;1297
DALIA;1296
BENIGNA;1295
DUMITRU;1294
INGEBORGA;1292
RADOMIR;1291
OMAR;1288
HENRY;1287
REINHOLD;1284
SERGIU;1276
SIMONA;1272
SAMIR;1268
WOLFGANG;1264
VIKTORIYA;1259
RODION;1257
LUCA;1255
CRISTINA;1252
HERMINA;1249
VLADA;1249
MANUEL;1244
CELESTYNA;1243
DONAT;1241
KSAWERA;1241
LILLY;1238
GHEORGHE;1237
BRAYAN;1236
MELISA;1234
MOHAMMED;1228
MAIA;1228
LUBOMIR;1226
CAROLINE;1226
WANESA;1225
ROGER;1220
IDALIA;1216
MARITA;1212
MAJKA;1211
JORDAN;1208
SERAFINA;1208
KRYSTSINA;1207
BIANCA;1200
JORGE;1198
VITALIIA;1196
ANIKA;1192
LARISA;1191
KIRILL;1189
FELICJAN;1185
NASTASSIA;1185
EDGAR;1181
ENGELBERT;1181
DŻESIKA;1167
NELLY;1165
NADZEYA;1164
EMANUELA;1162
INGRID;1153
MARIAM;1152
ELZA;1151
NARCYZ;1147
BAZYL;1146
MATTEO;1146
WALERY;1142
GEORGE;1140
AHMET;1134
KAYA;1134
FELIX;1132
OLEKSIY;1132
JOSHUA;1129
ZBYSZKO;1128
MARIE;1126
ZOE;1123
ADAMINA;1117
LUDMILA;1116
ULYANA;1112
DAJANA;1111
IWONNA;1110
STEFANIIA;1109
RYAN;1107
MELANIIA;1106
FRANCESCO;1103
CAROLINA;1103
HENADZI;1100
INKA;1095
CONSTANTIN;1089
ZURAB;1085
LUDWINA;1082
IAN;1081
MAMUKA;1081
NIKA;1081
NICOLAI;1079
ANATOLIY;1076
DIETER;1076
IEVGEN;1074
ADOLFINA;1074
KATERINA;1074
NIKOLETTA;1073
LUDOMIRA;1072
ABIGAIL;1067
RAJNOLD;1063
PASCAL;1062
WITALIS;1062
NATHANIEL;1056
ALIONA;1056
ELIZAVETA;1054
MELISSA;1052
TELESFOR;1049
ALEKSEI;1047
KAI;1046
VALENTIN;1045
ZAZA;1042
ALESSANDRO;1033
ANDREY;1033
KONSTANTIN;1029
LILIYA;1026
LEILA;1022
BERENIKA;1017
MIGUEL;1016
ROBERTO;1016
RUFIN;1009
TAISA;1007
ALOJZA;1006
BRAK DANYCH;1002
OTTO;1002
RAMONA;1002
HANA;1001
ALEXANDRE;995
CLARA;995
YULIA;993
IVO;992
HANS;991
EUFROZYNA;991
SYLWESTRA;987
ALEKSANDRE;986
LEONA;985
ALLAN;984
GOCHA;984
BORIS;980
BRYAN;980
DZIYANA;979
JANUARY;972
LUDOMIR;970
PABLO;966
ALEJANDRO;965
NINO;964
SWIETŁANA;963
RICARDO;959
MICHAELA;959
MURAT;951
ZACHARY;949
MONICA;948
DMYTRII;946
KARIM;945
BEKA;944
BOGUSZ;943
MARKIIAN;941
ŻAKLINA;940
IBRAHIM;939
DMITRI;937
GNIEWOMIR;930
DARINA;929
DYONIZY;928
LIA;928
FATIMA;926
SERGIO;922
VEACESLAV;922
EGOR;921
ALEXEI;919
DMITRY;919
JAKOB;918
IAROSLAV;917
PEDRO;907
EMILA;903
ELA;900
MIIA;899
MICHAL;898
ARYNA;894
WASYL;893
CHARLOTTE;889
HASAN;888
OSWALD;882
LUNA;879
KRISTIAN;876
ALMA;876
EUDOKIA;876
SYBILLA;875
KOSTKA;874
KRYSTYN;873
ELDAR;872
JOEL;868
ANASTAZY;867
COLIN;867
VALERIY;866
ANDRES;862
ROXANA;861
AURELIUSZ;858
TAMAR;858
HLEB;856
LISA;855
HIERONIMA;852
RONALD;851
IWAN;846
SŁAWA;846
VSEVOLOD;844
FRYDERYKA;842
ELISABETH;841
SANTIAGO;840
HERONIMA;837
MARGARETA;834
ORYSIA;833
YAUHENIYA;833
ADOLFA;831
ARTSEM;829
ANDREA;828
JUSTIN;828
LILI;828
SILVIA;827
RUBEN;826
JAVIER;823
VITALIE;823
EDUARDO;822
DAN;818
VALIANTSIN;817
MARGOT;817
ZENAIDA;816
MYLANA;815
MATVIY;813
SERAFIN;813
INESA;812
TOM;808
DOBRAWA;807
GRACJANA;807
LEANID;805
JUSTYN;799
WINCENTA;798
MAXYMILIAN;797
HEINZ;794
JOSEF;793
PETR;793
VALIANTSINA;793
DYLAN;790
FRANCISCO;790
FERNANDO;789
GIUSEPPE;789
EWARYST;788
PHILIPP;786
ZACHARIASZ;785
MATTHIAS;784
TEO;784
LUCIA;784
AMIT;782
KARIN;780
ALBERTO;779
RENAT;776
APOLONIUSZ;774
BERNARDETA;773
CYRYLA;773
ELISA;772
EMMANUEL;771
TORNIKE;770
DAVITI;769
ZOYA;767
GUY;765
TOBIAS;762
INHA;762
ŻANETTA;759
SELENA;758
YARASLAU;756
AUGUSTA;755
RYTA;754
ARMIN;753
RUTH;751
NESTOR;750
SZARLOTA;750
TIMOTHY;747
TINA;747
FABIO;746
AMBROŻY;743
GWIDON;743
TRISTAN;743
YUSUF;740
JEAN;737
JASMINA;736
ARMEN;733
IANA;732
LESŁAWA;732
GELA;730
ISMAIL;727
GIULIA;727
NELLA;727
NOA;727
AHMAD;726
BENITA;726
LETYCJA;725
SAMANTHA;725
JASMIN;724
ORIANA;724
MD;722
LIZA;722
GEORG;721
NIKOLOZ;721
LOUIS;720
PETRU;719
KARL;718
GIOVANNI;716
DOBROCHNA;716
LAILA;716
JUREK;714
ETHAN;713
STEVEN;713
KASANDRA;712
NARCYZA;711
THEO;710
ABDUL;709
TSIMAFEI;709
BARTEK;708
MODESTA;708
NATASHA;708
TOMAS;707
MIROSLAV;705
MELANIE;705
AXEL;704
MARCUS;704
CHARLES;703
KASPIAN;703
AGNES;699
KATHERINE;699
LEONORA;698
ANGELO;695
NELLI;693
CHRISTOPH;691
CELESTYN;690
JULIANA;689
ALEXEY;688
YAEL;688
SYLVIA;687
CATHERINE;684
EUSTACHY;682
SOFIJA;681
FEDERICO;679
MARC;679
NOEL;679
NATALYA;676
WIACZESŁAW;675
LUCJANNA;674
LAYLA;672
DANILO;670
MIKHEIL;670
JULITTA;670
OTTON;669
EUNIKA;669
JESIKA;668
NATHALIE;665
SUSANNA;664
HARALD;663
JACK;663
MARAT;663
DAGNA;663
POLIKARP;662
REINHARD;662
JASON;660
BOZHENA;660
ELMIRA;660
IURIE;659
MUHAMMED;659
WINCENT;659
NELL;659
LEVANI;657
GNIEWKO;656
NIKOLAI;656
ORYNA;653
SAMIRA;649
MICHEL;648
MARTHA;648
OMER;646
ARIANNA;646
JOHANNES;645
MEDARD;643
VALERIU;642
ROZA;641
MATSVEI;638
NICO;638
VIVIEN;638
CHRYSTIAN;637
JESSIKA;635
OXANA;633
DAMAZY;631
HARRY;629
LORENZO;625
BIBIANNA;625
CASPER;624
STEPHEN;623
VASIL;623
MATILDA;621
EVGENII;620
MIKE;619
HERTA;618
MARGARYTA;618
DAVIDE;614
ARIADNA;614
CHRISTINA;614
NIKOLINA;613
GLEB;612
ANIA;612
ARKADII;611
MIRANDA;610
RADOSŁAWA;609
ELIAS;607
SHOTA;606
AIDA;604
PATRIK;602
YEVGEN;602
STANISLAVA;599
ARSENI;598
ARTIOM;598
FRANEK;598
ANGELICA;598
KATHARINA;598
TEREZA;598
MIŁOSŁAWA;597
NIKO;596
ALISHER;595
MATEO;595
GAIA;595
CEZARIUSZ;593
ROZWITA;593
YAKIV;591
WALTRAUDA;591
PARASKIEWIA;590
RAYAN;589
MARY;588
LESYA;584
MIROSLAVA;584
DANILA;583
JASMINE;583
EMRE;582
GOTFRYD;579
KOBA;579
MARIETA;579
PAATA;575
ROBIN;575
ALBERTYNA;574
YUSTYNA;571
BEN;569
CHRISTINE;568
ALEVTYNA;567
GUSTAVO;565
NEONILA;564
JURIJ;563
CHLOE;562
ANATOLIE;561
ANICETA;561
TATYANA;561
LEW;560
ÖMER;560
DELFINA;560
DITER;559
MARIUS;559
SATURNIN;559
DOBROMIŁA;558
IRMGARD;558
IZOLDA;558
KAREN;556
MARGARET;556
WIEŃCZYSŁAW;555
ELIANA;555
ABDULLAH;554
INGRIDA;554
NIKOLAY;553
ECATERINA;553
WŁODZIMIERA;547
MARIJA;545
LUKIAN;544
ELVIN;541
VALERI;541
OLIVIIA;541
MAKARY;539
MARCELO;539
ALON;538
CHIARA;536
ARMAN;535
SYLWERIUSZ;535
AMIRA;535
HILDA;535
RYMMA;535
VYACHESLAV;534
IRENE;534
DIONIZA;533
LUCY;533
DIMITRI;532
ILZA;532
JURAND;531
LUBOW;530
OLEKSANDER;529
NIKOLETA;529
ILLYA;528
WERA;528
BASTIAN;527
AMY;527
ISABELLE;526
ANDRÉ;525
NASTIA;525
ERICH;523
HALSZKA;523
AVTANDIL;522
RAJNARD;522
YEGOR;522
LUKRECJA;522
ISABEL;521
HORDII;520
ANDRIAN;519
GIA;519
BRANDON;518
MICHELE;518
YEVANHELINA;517
YOSYP;516
JACQUELINE;516
EMIR;514
FRANCESCA;514
LEYLA;514
LUISA;514
ARTEMII;513
JONAS;512
RAUL;512
JESUS;511
MODEST;511
GREGORY;510
EDMUNDA;510
MALKHAZ;509
NANA;509
KRZESIMIR;508
REHINA;508
GÜNTER;506
SHALVA;506
PAOLO;505
VENIAMIN;505
MARTYN;502
GUSTAWA;502
HIACYNTA;500
STEPHANIE;500
WIELISŁAWA;499
WALBURGA;498
GEORGIOS;496
IEVGENII;496
ROY;496
TEMUR;495
TYCJAN;494
DAIANA;494
IDO;493
PHILIPPE;493
FILIPINA;493
YUVAL;492
YASMIN;492
WAWRZYN;491
RACHEL;490
JAROSLAV;489
JOSÉ;489
VIOREL;489
FRYDA;489
HLIEB;488
SEAN;488
VALERIYA;486
WITALIJ;485
AURELA;484
HELIODOR;481
WINICJUSZ;481
RODRIGO;479
TOMÁŠ;479
IZYDORA;478
MADINA;478
PAOLA;478
JOHANNA;477
ROSE;475
FELIPE;474
ZURABI;474
JANISŁAW;472
WADIM;471
JHON;469
WILLI;469
CLAUDIO;468
ZLATOSLAVA;468
AISHA;466
LARS;465
GRACE;465
JOLENTA;465
SATURNINA;465
ROSA;464
OSMAN;462
MARYANA;462
GIGA;461
IURI;461
MARIN;460
NOAM;460
RAMIN;460
FLORIANNA;460
SHARON;460
AL?;459
ERHARD;459
TEIMURAZ;459
ANNA-MARIIA;459
DEBORA;459
EMILIYA;459
KORDULA;459
ZARINA;459
ZVIAD;458
INESSA;458
NATIA;458
RAPHAEL;456
SVEN;456
AMELIE;456
GENNADII;455
VASILISA;455
ANNE;454
LADA;453
YULIAN;452
ALOJZJA;452
JULIE;452
LIDIYA;452
JOHANN;451
ORKHAN;451
IULIA;450
TOMER;449
BADRI;448
DMITRIY;448
PHILLIP;447
IEVGENIIA;447
DMITRO;446
SAMBOR;446
SOLOMIYA;446
JELENA;444
ANIDA;442
ANAR;441
MURAD;441
ISLAM;440
MERT;440
AMELIIA;440
VASILII;439
RAMAZAN;438
STANISLAW;438
YOAV;438
MIKA;438
ANIL;437
MIHAI;437
SIMONE;437
HAMZA;436
ONUR;436
CAMILA;436
LIUBOU;436
KAKHABER;435
NOE;435
EYAL;434
RADZISŁAW;434
HELEN;432
TIM;431
ZINOVII;431
CARLA;431
OLEK;430
RAMIL;430
ASTRID;429
ELNUR;427
STEFANO;427
LUDGARDA;427
BARYS;426
OKTAWIUSZ;426
ALEKSANDAR;425
ANGEL;424
BURAK;424
NIKOLA;424
PIERRE;424
LANA;424
MAXIME;423
GRACJA;423
ISMENA;423
GILBERT;422
TAMAZ;419
KLAVDIIA;419
DENIZ;418
FARID;418
JOHAN;418
KSYMENA;418
NADINE;418
FRANCIS;417
KAKHA;417
JESICA;417
VIVIENNE;416
ITAY;415
ANDŻELINA;415
ESTHER;415
TH?;415
LARISSA;414
XAWERY;413
DARIUS;412
KONSTANTYN;412
ABRAHAM;411
BETINA;410
AZAMAT;409
LOLITA;409
ZEYNEP;409
KAMILIA;408
LORENA;408
MALIKA;408
KAROLA;407
ZEFIRYNA;407
JÜRGEN;406
KANTY;406
LYUDMILA;406
JEFFREY;405
JEREMY;405
JO?O;405
RICCARDO;405
EGON;404
EMILIE;404
LAURENCJA;404
ARTOM;402
MAHMOUD;401
VLADIMER;401
KONSTANTYNA;401
KHVICHA;400
ARMAND;399
EUZEBIA;399
ANDRE;398
GRIGORE;398
ARIA;398
LYDIA;398
ZAUR;397
RUT;397
ZAKHARII;396
FELICYTA;396
SYLWINA;396
ALEK;395
NORMAN;395
AKAKI;394
ANTONY;394
USTYM;394
MARCOS;393
SAMI;393
SŁAWEK;393
TSIMUR;393
MARYAM;393
AZIZ;392
KOSTYANTYN;392
MATHIAS;392
VITAL;392
WITOSŁAW;392
ZBIGNIEWA;392
ANTOINE;391
ONUFRY;391
TYKHON;391
LILLI;391
KAMAL;390
SAVELII;390
STSIAPAN;390
RACHELA;390
TEONA;390
DOBROMIR;389
THEODORE;389
ARIAN;388
KLOTYLDA;388
SOFYA;388
SABA;387
IWETTA;387
YESENIIA;387
ALVARO;386
FRANZ;386
FLORA;386
EUGENIU;385
RAHUL;385
ULUGBEK;385
YEVDOKIIA;385
YULIANNA;385
DARIO;384
EVGHENI;384
TYBERIUSZ;384
LEAH;384
AŁŁA;383
LUDOMIŁA;383
MATIAS;382
ERAZM;381
ROMEO;381
SANDRO;381
NADEZHDA;381
GIVI;380
TAL;380
REBECCA;380
JAIME;378
ORI;378
ASLAN;377
GERMAN;377
HEORHI;377
MUHAMMET;377
VĂN;377
URSULA;377
GABRIELE;376
YUNUS;375
LUKE;374
TYMOFIY;374
ŻANNA;374
MEGAN;373
NILA;373
CONRAD;371
JOZEF;371
TENGIZ;371
TURAL;371
NADEJDA;371
ELCHIN;370
RINAT;370
IWETA;370
FIODAR;369
MOHAMAD;369
NURLAN;369
ROSTISLAV;369
FATMA;369
ANDREJ;368
LOTAR;368
SAID;368
NAPOLEON;367
FIODOR;366
BELLA;366
CORNELIA;366
CAMILLA;365
LEONIDA;365
LIUBOMYRA;365
ANATOLIUSZ;364
JENS;364
MERAB;364
RYHOR;364
NICOLETTA;364
DMITRIJ;363
ELENI;363
RAMAZ;362
ISAAC;360
MALVINA;360
SHIRA;360
MUSA;359
ANDRIJ;358
DOBROSŁAW;358
HAKAN;358
STANLEY;358
PAULO;357
YOUSSEF;357
ALESSIA;356
DANIELE;355
GURAM;355
SYLWIUSZ;355
NOELIA;355
LIIA;354
EUGEN;353
RENE;353
FRIEDA;353
LUBOV;353
GEORGI;352
ZOSIA;352
GREGOR;350
ESTER;350
DOBIESŁAW;347
ISTVÁN;347
HILARIA;347
KATARINA;347
ZYGFRYDA;347
BERNHARD;346
JULIO;346
KATIA;346
KESJA;346
MARÍA;346
AMIRAN;345
GABRYEL;345
LUCJUSZ;344
WENDELIN;344
OLESYA;344
MOSHE;343
RAJNHOLD;343
WENANCJUSZ;343
HILDEGARD;343
TADEUSZA;343
ALESSANDRA;342
DORIS;342
EMIN;341
THI;341
GHENADIE;340
HASSAN;340
NATANAEL;340
KARINE;340
MARIAMI;340
WILIBALD;339
MARINE;339
SOFIE;339
RALF;338
STEPANIIA;337
VAKHTANG;336
PETRA;336
EVGHENII;335
AYA;334
SALOME;334
ISRAEL;333
YEVGENIY;333
MIRONA;333
SONJA;333
KONSTANTINOS;332
MAURICIO;332
RON;332
SIERGIEJ;332
EDITH;332
HEINRICH;331
BESIK;330
NADAV;330
SALVATORE;330
CYNTHIA;330
KIARA;330
SUSAN;330
YASMINA;330
AZIZBEK;329
DIMITRIOS;329
ANAT;329
ANDRZELIKA;329
RENA;329
DANYL;328
EVGENY;328
MASSIMO;328
NIKOLAOS;328
VIVIANA;328
ZARA;328
BAHDAN;327
GEORGII;327
TADEI;327
IRIS;327
SUSANNE;327
JAREMA;326
NADIEŻDA;326
VLADLENA;326
BERND;325
IHNAT;325
NELSON;325
RAMESH;325
ASIA;325
SOLOMIA;325
ARMANDO;324
RADU;324
THEODOR;324
EVELYN;324
KHATUNA;324
KRYSPINA;323
DEEPAK;322
GLIB;322
INGRYDA;322
JULIEN;321
RAJESH;321
URBAN;321
?BRAH?M;320
NICOLÁS;320
DANIELLA;320
GNIEWOSZ;319
HEKTOR;319
LUIGI;319
MIKOLAJ;319
NASTAZJA;319
CESAR;318
CHRISTOS;318
MILO;318
RADEK;318
SERDAR;318
FLORIN;317
MANOJ;317
ZAHAR;317
LIUBA;317
KAJ;316
LUBOMIŁA;316
NONNA;316
NODAR;315
MELCHIOR;314
OMRI;314
BEATRIZ;314
VLADISLAVA;313
FURKAN;312
NICOLA;312
RAINER;312
VINCENZO;312
VLAD;312
ANJA;312
MERVE;312
WALTRAUD;312
JÓZEFAT;311
UWE;311
ELIF;311
KARMEN;311
ENES;310
KENNETH;310
FRIDA;310
LEOPOLDA;310
GOGA;309
IVANE;309
MAURO;309
SANTOSH;309
SHERZOD;309
VUSAL;309
DORA;309
NIR;308
BLANCA;308
ARAM;307
HÜSEY?N;307
MARLON;306
PRAKASH;306
CARLO;305
ENRICO;305
GAL;305
MARVIN;305
NICHITA;305
YVONNE;305
LOGAN;304
PAULINE;304
REBEKA;304
CHARLIE;303
IOANNIS;303
DANIELLE;303
LUDMYLA;303
RADA;303
ANZELM;302
CHRISTOPHE;302
KRISHNA;302
WALTRAUT;302
DILSHOD;301
SUNIL;301
ANI;301
DEBORAH;301
ROBERTA;301
PIETRO;300
VIYALETA;300
EUSTACHIUSZ;299
ILIE;299
BOGDA;299
SUSANA;299
ADEM;298
VIVIAN;298
SWITŁANA;297
BALTAZAR;296
DASTIN;296
KAMRAN;296
RASHAD;296
RAFAELA;296
KANAN;295
KILIAN;295
AMALIIA;295
JENNY;295
ALESSIO;294
DARII;294
TUDOR;294
ANATOLIA;294
OLES;293
PYLYP;293
ROŚCISŁAW;293
SERGO;293
KATRIN;293
NELI;293
DIRK;292
SŁAWOJ;292
VAN;292
ADIL;291
IMRAN;291
MATVEY;291
AVA;291
GABRIELLE;291
ERWINA;290
PAULIN;289
MIHAELA;289
SCARLETT;289
ZINA;289
GUIDO;288
GUILLERMO;288
IGNACIO;288
KHALED;288
TIGRAN;288
ARCHIL;287
GORAN;287
JÖRG;287
URI;287
DOLORES;287
JOSEPHINE;287
HUGON;286
YELYSEI;286
KRYSTIANA;286
ADNAN;285
ELSHAN;285
ERNST;285
MAGOMED;285
KAMELIA;285
KARLA;285
EMILIO;284
NUGZAR;284
ARLENA;284
KRISTINE;284
NORA;284
RIMMA;284
MARYAN;283
TATJANA;283
AMIN;282
ENRIQUE;282
OTAR;282
ULRICH;282
ZVIADI;282
ELIGIA;282
FRANCO;281
DENISA;281
BOŻYDAR;280
MARSEL;280
WOJTEK;280
ALODIA;280
SALMA;280
TEA;280
STEPHAN;279
SVYATOSLAV;279
YONATAN;279
INGEBORG;279
ENZO;278
FAUSTYN;278
RENÉ;278
EDELTRAUD;278
DATO;277
LUCIANO;277
SOBIESŁAW;277
MARGOTA;277
STELA;277
BERTOLD;276
GERWAZY;276
HECTOR;276
ILIAS;276
LOLA;276
ARUN;275
ASHOT;275
RAMI;275
FABIOLA;275
ARJUN;274
EVAN;274
GAWEŁ;274
TIAGO;274
GERTRUD;274
HANIA;274
LUCJANA;274
YAREMA;273
IVANA;273
JULIIA;273
GERALD;272
LIOR;272
ANASTASIJA;272
NONA;272
IDAN;271
JULIUS;271
EDWINA;271
KELLY;271
LIDA;270
NADIJA;270
ILAN;269
KEMAL;269
MATTIA;269
VUGAR;269
EVGENIIA;269
ALEXIS;268
BRAIAN;268
MIŁOSŁAW;268
JULIETA;268
IULIAN;267
SERKAN;267
CECILIA;267
ITAMAR;266
JÁNOS;266
DENISE;266
ILIANA;266
OFELIA;266
PAVLINA;266
DONALD;265
RASIM;265
AGATHA;265
BILAL;264
IOSEB;264
JABA;264
PAWEL;264
TARIEL;264
MARHARITA;264
ROZALIIA;264
VANESA;264
WIEŃCZYSŁAWA;264
AKIM;263
GRYGORII;263
YURI;263
VIRGINIA;263
YELIZAVIETA;263
MARGARETE;262
NADJA;262
IOAN;261
MATHIEU;261
SAMVEL;261
ANZHALIKA;261
CHANTAL;261
PARASKIEWA;261
VANDA;261
MIKAEL;260
REVAZ;260
ALEKSI;259
KETEVAN;259
BAKHTIYOR;258
OTABEK;258
SERAFYM;258
VAZHA;258
SYNTIA;258
RAQUEL;257
IBRAGIM;256
MAGNUS;256
EMILI;256
ALEKSANDRS;255
VALENTINO;255
NATALIJA;255
SUZANNA;255
MAIK;254
SYLWIN;254
TEMURI;254
TONY;254
GUSTAV;253
TAMARI;253
ABEL;252
HENRIK;252
LILIAN;252
LOTHAR;252
TIMOFEI;252
PARASKA;252
JONI;251
MANUCHAR;251
RAYMOND;251
RENATO;251
DARIYA;251
MILLA;251
OLESEA;251
VIOLA;251
CARL;250
KAIA;250
KONRADA;250
WISŁAWA;250
ARTYOM;249
JANUARIUSZ;249
ZAKARIA;249
KAYLA;249
JAKHONGIR;248
SANDEEP;248
IRAIDA;248
BERNARDO;247
GENNADIY;247
GOGITA;247
LEU;247
ADRIANO;246
ASAF;246
NIJAT;246
ANNA-MARIA;246
NANCY;246
REBECA;246
KHALID;245
KONSTIANTYN;245
MALIK;245
MATVEI;245
OR;245
RAM;245
BOHDANNA;245
LIKA;245
LUCIE;245
ROMINA;245
DINESH;244
MAXIMILLIAN;244
TOMMY;244
XENIA;244
GEVORG;243
MICHAIL;243
NUKRI;243
SYED;243
UMAR;243
AHATA;243
SUZANNE;243
NAZARIY;242
SAGAR;242
THIAGO;242
YASIN;242
ANZELMA;242
ILANA;242
MISHEL;242
AKHMED;241
DOMENICO;241
JANIS;241
JUDITH;241
KARALINA;241
ILGAR;240
SIEGFRIED;240
EDITA;240
GÖKHAN;239
MIKHEILI;239
TIMOFEY;239
TOMÁS;239
EDELTRAUT;239
FREDERICK;238
CLAIRE;238
HENRIETA;238
KATE;238
VIORICA;238
ABHISHEK;237
CEZAR;237
GANESH;237
NIKOS;237
ORHAN;237
SCOTT;237
SOLOMON;237
DASHA;237
CAN;236
DIETMAR;236
MIYA;236
FAT?H;235
IOSIF;235
ORLANDO;235
ANNETTE;235
DAMIANA;235
ALEKSEY;234
UMUT;234
KEREN;234
ZORYANA;234
LAURENT;233
OYBEK;233
SIAMION;233
LELA;233
RODICA;233
BESIKI;232
EDVARD;232
ISA;232
LYUBOMYR;232
MANSUR;232
MARCJAN;232
LOUISE;232
LEONIDAS;231
OTARI;231
RAN;231
DINARA;231
TANIA;231
DEZYDERIUSZ;230
FARRUKH;230
JASPER;230
ANVAR;229
ELGUJA;229
SHUKHRAT;229
VLADLEN;229
ANTANINA;229
CINDY;229
ELLI;229
HANNELORE;229
DORIN;228
EREN;228
EUGENE;228
GURAMI;228
ALEXANDROS;227
ARIF;227
ERAN;227
KALIKST;227
LEANDRO;227
OTON;227
AYLA;227
NOGA;227
ZUZANA;227
DANNY;226
KENAN;226
AMBER;226
MIJA;226
GIL;225
EL?F;225
IWONKA;225
JAGIENKA;225
ILYAS;224
KYLE;224
MINH;224
PASKAL;224
?SMA?L;224
TONI;224
EKATERINE;224
ELSA;224
JULIETTE;224
KATRINA;224
PATRIZIA;224
AZAT;223
GUILLAUME;223
RAJAN;223
RENARD;223
MANANA;223
YELENA;223
GERD;222
HENADZ;222
KOLETA;222
DAMIEN;221
FAINA;221
HILA;221
ZELMA;221
ADRIEN;220
BARIŞ;220
BARNABA;220
EVGENIY;220
MALKHAZI;220
NIKOLOZI;220
REDDY;220
BIRUTA;220
NICOLETA;220
LUZ;219
VITTORIA;219
ALAIN;218
ARSENIUSZ;218
ATTILA;218
MAKARII;218
NILS;218
ROLF;218
SALIM;218
SHAMIL;218
TAMAZI;218
TAREK;218
EITAN;217
ELMAR;217
MAHMUT;217
NEIL;217
SURESH;217
WLADYSLAW;217
ZEFIRYN;217
ZORAN;217
AIDEN;216
DRAGAN;216
WITOLDA;216
CHRIS;215
FILIPPO;215
PETAR;215
ALIA;215
BEATRICE;215
MAKA;215
ROSEMARIE;215
DANTE;214
GRIGORII;214
TIMO;214
ALBERTA;214
LIYA;214
ARI;213
EMANUELE;213
EVGENIA;213
LALI;213
SAFIYA;213
MIKHAILO;212
RADION;212
WILSON;212
ELLIE;212
EVGENIYA;212
SELMA;212
LIONEL;211
MILOŠ;211
MIRZA;211
SABIN;211
KASIA;211
VICTORIIA;211
CAMILO;210
GIACOMO;210
ISMAEL;210
ZENOVII;210
ANNIKA;210
AYŞE;210
JUTA;210
FEDOR;209
MASON;209
SAJMON;209
CHANEL;209
KYRA;209
LÉA;209
VIKA;209
CEZARIA;208
LETICIA;208
ARSLAN;207
ESTEBAN;207
OCTAVIAN;207
RAJU;207
YAIR;207
ALEJANDRA;207
ASHLEY;207
DAISY;207
ESRA;207
INEZA;207
NINEL;207
YASMINE;207
AJAY;206
ELI;206
GIANLUCA;206
GONZALO;206
JAMAL;206
KHASAN;206
NIKLAS;206
ROVSHAN;206
FERNANDA;206
KORYNA;206
LUSINE;206
PALOMA;206
AVRAHAM;205
MATEI;205
MYKHAIL;205
OREN;205
WŁODZISŁAW;205
ALISIIA;205
AYLIN;205
BRENDA;205
DYONIZA;205
HEIDI;205
LAUREN;205
ADEL;204
ANDERSON;204
JIŘÍ;204
SHAY;204
SURAJ;204
WIELISŁAW;204
YANN;204
ALIYA;204
ANFISA;204
IMAN;204
MICAELA;204
ELVIS;203
JAMIE;203
SERGEJ;203
VISHNU;203
VITALY;203
SALWINA;203
YEVHENIYA;203
ALIM;202
ALWIN;202
RAVI;202
RÓBERT;202
SOSO;202
ANATOLA;202
ANN;202
KATHRIN;202
RUFINA;202
AKMAL;201
DACJAN;201
SUMAN;201
ALEKSA;201
DĄBRÓWKA;201
FLORENCIA;201
ZYGMUNTA;201
BEKZOD;200
ELAD;200
ILKIN;200
MARIANO;200
MATE;200
YEVHENIY;200
ZVI;200
MELODY;200
NAIRA;200
GÁBOR;199
GRIGORI;199
RASHID;199
ZBISŁAW;199
AURIKA;199
ASIF;198
GIORGIO;198
CARINA;198
DOROTHEA;198
STEFANIYA;198
TOMIRA;198
DEMYD;197
EMZAR;197
KAAN;197
MATVIEI;197
SYMEON;197
WIRGILIUSZ;197
KIMBERLY;197
LEIA;197
ADI;196
ANZOR;196
EZEQUIEL;196
KONSTANTINE;196
OLECH;196
AGRYPINA;196
BRIGITTE;196
KASJANA;196
MILIENA;196
MOLLY;196
AUREL;195
GUILHERME;195
JUN;195
TOMMASO;195
WEI;195
ANNABELLE;195
ELLEN;195
LENKA;195
ANTEK;194
LÁSZLÓ;194
WŁADIMIR;194
MÁRIA;194
SABINE;194
FATIH;193
FUAD;193
MATAN;193
MIRASLAU;193
SARDORBEK;193
SEVERYN;193
ZOLTÁN;193
HELENE;193
GENADI;192
GHEORGHI;192
MEHDI;192
SERGEJS;192
BETTINA;192
GISELA;192
LIDZIYA;192
MERCEDES;192
PIA;192
RAJMUNDA;192
RIMA;192
DIMITAR;191
DITMAR;191
SAMSON;191
TAMERLAN;191
YAKUP;191
GEORGINA;191
KWIRYNA;191
LILLIAN;191
NETA;191
ZUZA;191
JEGOR;190
MUZAFFAR;190
RASUL;190
STEFFEN;190
HEDWIG;190
ALFREDO;189
ARIE;189
DUSTIN;189
ALVINA;189
ANGIE;189
PARASKOVIIA;189
SANJAY;188
LEONIE;188
ABRAM;187
BAYRAM;187
CHAIM;187
JUAN CARLOS;187
NODARI;187
OLEXANDR;187
TIBOR;187
ANNEMARIE;187
DAYANA;187
ELENE;187
ELIZABET;187
MINA;187
NARINE;187
MARIA;186
SELIM;186
AIGERIM;186
KORA;186
FERHAT;185
LUCIAN;185
LUKÁŠ;185
MAHESH;185
RENISŁAW;185
SERGIEJ;185
SULTAN;185
ZACHAR;185
JOLA;185
ZINOVIIA;185
AVIV;184
BAKHODIR;184
DAREK;184
ELLIOT;184
EMRAH;184
JÁN;184
MIRKO;184
SAMUIL;184
WALID;184
FARIDA;184
MILADA;184
SIUZANNA;184
ARNO;183
DOMINIQUE;183
HENDRIK;183
JAREK;183
MAKSAT;183
OZAN;183
QUANG;183
RAFIK;183
WIECZYSŁAW;183
CAMILLE;183
DOINA;183
ROMANIIA;183
SOFÍA;183
STEFANIE;183
AKHIL;182
ARDA;182
DEAN;182
MASSIMILIANO;182
MERABI;182
ANYA;182
NASTASIIA;182
ASHISH;181
DAROSŁAW;181
YASSINE;181
RUBY;181
BATUHAN;180
GARY;180
YOSEF;180
EDEN;180
WILMA;180
EDHAR;179
HAYK;179
HÜSEYIN;179
JACQUES;179
KIRILO;179
SPARTAK;179
ALEXIA;179
ANAHIT;179
FLORENCE;179
ROSALIE;179
SALOMEJA;179
ANDREJS;178
ANDY;178
DEJAN;178
JAROSLAW;178
JEMAL;178
MINDIA;178
RAMIZ;178
SÉBASTIEN;178
ZAFAR;178
CHRISTA;178
KATALIN;178
MARION;178
ORESTA;178
SEDA;178
NAREK;177
VARDAN;177
ANNAMARIA;177
JANKA;177
KATIE;177
LILIT;177
SHIR;177
ANDRANIK;176
BERTHOLD;176
IMEDA;176
LUDWIG;176
ROHIT;176
VISHAL;176
DE JESUS;176
HERMENEGILDA;176
JULIETTA;176
JUSTINE;176
MARISA;176
MERI;176
TACJANA;176
WITA;176
ALEKSIEJ;175
IZAAK;175
SHLOMO;175
SÜLEYMAN;175
JUTTA;175
KATJA;175
NI;175
AKASH;174
DOR;174
GAGIK;174
GASPAR;174
REGINALD;174
SHAHAR;174
SŁAWOSZ;174
ADELE;174
FABIANA;174
FREYA;174
MAAYAN;174
YEVGENIYA;174
ARSENIY;173
DIMA;173
J?NIS;173
KOSTAS;173
LEONCJUSZ;173
LUKASZ;173
MATVIJ;173
RUDI;173
TAMÁS;173
MAY;173
ABDULAZIZ;172
AKSEL;172
DARIAN;172
ERICK;172
JAY;172
JERRY;172
MYKOLAI;172
NOLAN;172
RAFFAELE;172
SANAN;172
SERHAT;172
VAKHTANGI;172
ADELAIDA;172
ANNELIESE;172
FIONA;172
IVY;172
KRYSTINA;172
MADELEINE;172
PARASKEWIA;172
ALVIN;171
HOVHANNES;171
JAKE;171
JÓZSEF;171
LEVON;171
MARTÍN;171
OFER;171
SAM;171
SARKHAN;171
U?UR;171
ERICA;171
MATHILDE;171
SOPIO;171
JIMMY;170
UMIDJON;170
CYNTIA;170
JANE;170
MERYEM;170
SHANI;170
ALPER;169
DEREK;169
JAMSHID;169
KIM;169
KIRAN;169
THANH;169
ALBA;169
ANDREEA;169
BRUNHILDA;169
LUCIANA;169
NAAMA;169
NATALI;169
SUZANA;169
ALEN;168
ANATOLIJ;168
ARTAK;168
BACHUKI;168
GABOR;168
GERARDO;168
JAVID;168
SAMET;168
SVIATASLAU;168
SYDONIA;168
ANDRÉS;167
FABRIZIO;167
MARCELLO;167
NAZIM;167
GAYANE;167
JULIJA;167
LIAT;167
ŁARYSA;167
BINOD;166
JOAQUIN;166
MAXWELL;166
TYMOFIJ;166
YARON;166
BERNADYNA;166
CHLOÉ;166
LIJA;166
ANIS;165
ASSAF;165
DORON;165
LÉO;165
ROSHAN;165
HENRIETTA;165
SHORENA;165
TIFFANY;165
ARTSEMI;164
BISHAL;164
SHMUEL;164
GINA;164
KHAVA;164
MALENA;164
BONAWENTURA;163
EREZ;163
GŰNTER;163
IDRIS;163
KHALIL;163
MATÍAS;163
MAXIMILIANO;163
PIUS;163
RAMAZI;163
SEVDA;163
AKRAM;162
AMIL;162
ANAS;162
HAROLD;162
ŁADYSŁAW;162
MIGUEL ANGEL;162
NICK;162
ÖZGÜR;162
AVRORA;162
BÜŞRA;162
DANYILA;162
IRA;162
MAURA;162
ROSALIA;162
WIWIANA;162
ZITA;162
AYDIN;161
HENRI;161
JANEK;161
MANISH;161
MUKHAMMAD;161
VOLKAN;161
XAWIER;161
ALANA;161
ARUZHAN;161
MATRONA;161
ULADZISLAVA;161
VASYLISA;161
AKBAR;160
ALIK;160
ASHOK;160
DEMIR;160
FRANÇOIS;160
ILJA;160
ITAI;160
CELINE;160
IVANKA;160
AMINE;159
ERKAN;159
HAL?L;159
SARDOR;159
SUJAN;159
ZACHEUSZ;159
NATALKA;159
BORYSŁAW;158
DIPAK;158
ELKHAN;158
ILDEFONS;158
JASURBEK;158
RAUF;158
SUREN;158
VITO;158
BIBIANA;158
CATALEYA;158
CHARLOTTA;158
KAMA;158
BERKAY;157
EBERHARD;157
HARI;157
PÉTER;157
PRADEEP;157
RUSŁAN;157
SANTINO;157
ISABELA;157
MARIANNE;157
NICOLL;157
ARTURO;156
DÁVID;156
ERNESTO;156
FARKHOD;156
MATHEW;156
NABIL;156
SASCHA;156
AFRODYTA;156
RENATE;156
CARSTEN;155
JAIRO;155
OFIR;155
PRINCE;155
RAKESH;155
RECEP;155
VALERIAN;155
ALYONA;155
ARIELA;155
FELICIA;155
FLAVIA;155
TAIDA;155
AMAN;154
ARYAN;154
ELSHAD;154
RAPHAËL;154
VIJAY;154
YOTAM;154
ILARIIA;154
JANET;154
MONA;154
SOLOMIJA;154
JAYSON;153
RALPH;153
RAMON;153
RATI;153
RUSTEM;153
TORSTEN;153
ANA-MARIA;153
DOROTHY;153
HADAR;153
IELYZAVETA;153
SACHIN;152
TAHIR;152
CASSANDRA;152
CATALINA;152
MARGERITA;152
TANYA;152
AMAR;151
MATTHIEU;151
SALOMON;151
YANIV;151
ADELHEID;151
EMILIANA;151
FERDYNANDA;151
MARYSIA;151
PAVLYNA;151
YADVIHA;151
ANDRÁS;150
CĂTĂLIN;150
DAMYR;150
FRÉDÉRIC;150
GODERDZI;150
HERMANN;150
KUMAR;150
MATWIJ;150
MAURIZIO;150
NIKOLAJ;150
SALMAN;150
SAVELI;150
ASYA;150
FEBRONIA;150
HOLLY;150
TINATIN;150
ZHASMIN;150
ANDRES FELIPE;149
ELMIR;149
GENADIUSZ;149
JEFFERSON;149
NODIRBEK;149
OWEN;149
PARVIZ;149
YONG;149
ANDŻELA;149
BEATE;149
DILARA;149
SELIN;149
ŻAKLIN;149
AKSHAY;148
ALEC;148
AZAD;148
BO;148
FLAVIO;148
SÁNDOR;148
GEORGIA;148
IOANNA;148
LEOPOLDYNA;148
MARI;148
PRZEMYSŁAWA;148
VALERIE;148
AGUSTIN;147
AIDAN;147
DEONIZY;147
FREDERIK;147
ILKHOM;147
ITAN;147
KEREM;147
MESUT;147
YEISON;147
ANABELLA;147
ANŻELIKA;147
AUDREY;147
GULNARA;147
ISABELL;147
IVONA;147
LORETTA;147
MAKSYMILIANA;147
ANTONII;146
DOUGLAS;146
HOLGER;146
HRYHORIY;146
JESSE;146
MŚCISŁAW;146
?TEFAN;146
VEPKHVIA;146
ANIUTA;146
DIANE;146
EMINE;146
ESMERALDA;146
IWANNA;146
JOANA;146
RADZISŁAWA;146
TARA;146
GILAD;145
NATIG;145
OKAN;145
SHAI;145
TOMEK;145
WENANTY;145
WITALI;145
YAKUB;145
LEIDY;145
SYLWANA;145
TAISIYA;145
TALI;145
ANH;144
BERNARDYN;144
NADIR;144
PANAGIOTIS;144
RAJNER;144
SAVA;144
TAHA;144
TIMOFII;144
ADELIA;144
ELYZAVETA;144
FEDERICA;144
IAROSLAVA;144
ZAHRA;144
ADILET;143
GRIGOL;143
I;143
KARSTEN;143
LERI;143
MAJKEL;143
ALWINA;143
CATERINA;143
IULIANA;143
VIKTORIJA;143
ALIKHAN;142
DOMINICK;142
FRIEDRICH;142
GEORGIY;142
MARCELIN;142
MATHEUS;142
MAURICE;142
RADZIVON;142
RAJ;142
CORINA;142
ELISE;142
SYBILA;142
ABDULLA;141
CHRISTOF;141
DEVID;141
FILIPP;141
HARUN;141
HUSEYN;141
KAKHABERI;141
NIKHIL;141
PER;141
RAGNAR;141
CELIA;141
EUSTACHIA;141
ROSANNA;141
AMAL;140
GRIGOR;140
IEGOR;140
ILARION;140
MAXIMUS;140
ODED;140
REVAZI;140
ROMANI;140
SANJAR;140
SERAFIM;140
TOMIR;140
UDO;140
VOLKER;140
YELISEI;140
BEATRYCZE;140
ELEANOR;140
ILARIA;140
SERAFYMA;140
ALEKO;139
ASKAR;139
KLIM;139
RONALDO;139
SINAN;139
DORINA;139
EFRAT;139
EKA;139
MATHILDA;139
MYKHAILYNA;139
ROMI;139
SERAFIMA;139
ZORYNA;139
EMILIANO;138
HARTMUT;138
IGORS;138
JAYDEN;138
MERDAN;138
RADOMIŁ;138
STUART;138
ARETA;138
AYELET;138
ELNARA;138
ELVINA;138
TELIMENA;138
VIERONIKA;138
WIRA;138
ASEN;137
FREDERIC;137
GAURAV;137
JAROGNIEW;137
RONEN;137
SHAVKAT;137
TARIK;137
GAYA;137
JÚLIA;137
ABBAS;136
AZER;136
CEM;136
FARUK;136
GEORGES;136
KEITH;136
LIWIUSZ;136
OHAD;136
USMAN;136
ARMINE;136
DAMARIS;136
DAMINIKA;136
FLORIANA;136
GERARDA;136
GIOVANNA;136
HASMIK;136
RENISŁAWA;136
SORAYA;136
WITOSŁAWA;136
ALFONSO;135
DMITRIJS;135
HALIL;135
HAMID;135
MOHAN;135
ŚWIATOSŁAW;135
TOLGA;135
ALISHA;135
HADAS;135
MELINA;135
META;135
ORIT;135
YEKATERINA;135
ASIM;134
BART;134
EFE;134
ELIJAH;134
HENRIQUE;134
HUSSEIN;134
PETROS;134
TOMISŁAW;134
VEDAT;134
VITALIJ;134
YOSYF;134
YULII;134
DAGMAR;134
FRANZISKA;134
JEANETTE;134
JUSTINA;134
KATHRYN;134
LIHI;134
NELYA;134
YASEMIN;134
BRONISLAV;133
ERHAN;133
JASUR;133
MAXYM;133
METIN;133
NURSULTAN;133
RONI;133
ŞTEFAN;133
TAMIR;133
ANABEL;133
EINAT;133
LILIJA;133
ORYSLAVA;133
SASKIA;133
CRAIG;132
GAGA;132
GOR;132
KAREL;132
MATEJ;132
RADZIMIR;132
URIEL;132
ZIV;132
AIDANA;132
IVETA;132
MIRASLAVA;132
PRIYANKA;132
RUZANNA;132
SIENNA;132
DANIYAR;131
DARWIN;131
HAIM;131
JUAN DAVID;131
PRAVEEN;131
DALILA;131
JOANNE;131
MARIELA;131
ASADBEK;130
HERNAN;130
HRISTO;130
HUNG;130
KLYM;130
KRASIMIR;130
LUIZ;130
RAMZAN;130
SHOKHRUKH;130
SZCZĘSNY;130
THÉO;130
BRONISLAVA;130
CAROL;130
ROMANNA;130
TARSYLIA;130
TOSIA;130
VENERA;130
WENDY;130
FAISAL;129
GIULIO;129
MAMED;129
RAVSHAN;129
VOLODIMIR;129
YASSIN;129
ARKADIA;129
ARZU;129
IA;129
IGNACJA;129
JULIET;129
LUANA;129
AVRAM;128
DUŠAN;128
KADIR;128
NAMIG;128
NURBEK;128
REZO;128
SORIN;128
YAROMYR;128
ZORIAN;128
ANDRIIANA;128
BAZHENA;128
INBAL;128
INDIRA;128
NATO;128
XYMENA;128
ANDERS;127
AYHAN;127
DARREN;127
DYMYTRII;127
EUGIENIUSZ;127
FINN;127
FIRAT;127
MIKOLA;127
SEDAT;127
TYLER;127
UCHA;127
AINUR;127
ALEXA;127
BERNADETTE;127
DERYA;127
EDA;127
EUGIENIA;127
LILLIANA;127
MIRRA;127
SHEILA;127
THEA;127
ARAZ;126
AVTANDILI;126
AYOUB;126
ELIOT;126
FIRDAVS;126
MOSTAFA;126
MURODJON;126
RONNY;126
UMID;126
VIVEK;126
ALIESIA;126
AMÉLIE;126
INBAR;126
SAIDA;126
YEKATERYNA;126
ZYGRYDA;126
ADITYA;125
ARNAUD;125
BOJAN;125
ERCAN;125
FERDINAND;125
KERIM;125
MAGAMED;125
MIRAN;125
SARGIS;125
TEIMURAZI;125
THIERRY;125
AFINA;125
ROMANIA;125
SOFI;125
VOLODYMYRA;125
WALDEMARA;125
ANATOLY;124
BJÖRN;124
CSABA;124
DARKO;124
TRAIAN;124
VITTORIO;124
YOUSEF;124
ZOLTAN;124
ZSOLT;124
INGE;124
KHATIA;124
MARGITA;124
MYRIAM;124
SIGRID;124
TALIA;124
VIERA;124
BIKASH;123
FRANKLIN;123
FRANTIŠEK;123
INGO;123
KLEOFAS;123
LAJOS;123
NUNO;123
PREM;123
QUENTIN;123
SALVADOR;123
AGAFIA;123
ALINE;123
BERNARDETTA;123
DAROMIŁA;123
EUDOKSJA;123
ITA;123
MONIQUE;123
ROSWITA;123
RUSUDAN;123
TACJANNA;123
WALENTINA;123
YING;123
AIBEK;122
ERDEM;122
GARIK;122
JACOPO;122
MOJŻESZ;122
OUSSAMA;122
SEBASTIÁN;122
WINFRIED;122
ZEEV;122
ANELIA;122
CANSU;122
EVIALINA;122
IWA;122
KHEDA;122
LOTTA;122
MAI;122
MIKAELA;122
SWITLANA;122
ADALBERT;121
CONOR;121
DILMUROD;121
KYRYLL;121
NABIN;121
RUI;121
SABIR;121
STÉPHANE;121
AMINAT;121
GILI;121
GIORGIA;121
JING;121
MAHDALYNA;121
?REM;121
SAWA;121
WŁODZISŁAWA;121
AMMAR;120
EMERYK;120
ERVIN;120
MILTON;120
NARAYAN;120
NENAD;120
NURIDDIN;120
YILMAZ;120
ZINOVIY;120
ELLINA;120
BATYR;119
EDOARDO;119
ILIAN;119
JON;119
LEWIS;119
MAHAMMAD;119
MAXIMILIEN;119
MUSTAPHA;119
NARESH;119
O?UZHAN;119
SERGE;119
STANISLAS;119
AALIYAH;119
KORINA;119
KVITOSLAVA;119
OŁENA;119
RINA;119
SVIETLANA;119
AUSTIN;118
DETLEF;118
ERNESTYN;118
LÉON;118
METODY;118
MUSLIM;118
NIMROD;118
SHAHIN;118
SHERALI;118
TUAN;118
VANO;118
YVES;118
ELIDIA;118
MELINDA;118
MELITA;118
SELINA;118
SENA;118
SILVANA;118
ALOIS;117
BARAN;117
DEXTER;117
DROR;117
MACIEK;117
RAFAL;117
TURAN;117
VASILEIOS;117
YAHYA;117
MOR;117
SOL;117
SONA;117
ALIKA;116
ARKADI;116
BEGENCH;116
DEN?Z;116
ELIAN;116
ELMAN;116
FERENC;116
HEIKO;116
IONUŢ;116
JEROME;116
JOHNNY;116
MIHÁLY;116
MUHAMAD;116
RACHID;116
RADOSLAV;116
RAJNHARD;116
RANDY;116
ROIN;116
AIGUL;116
ALISON;116
ANTONELLA;116
DOMICELLA;116
INDIA;116
ROMY;116
ZHANA;116
DASTAN;115
DIDIER;115
FRITZ;115
HONORAT;115
JHONATAN;115
KAD?R;115
LEVI;115
LIVIU;115
LUÍS;115
ROMAIN;115
RUVYM;115
SIMEON;115
SIMION;115
DAFNA;115
FLAWIA;115
LIENA;115
ROKSOLIANA;115
TESSA;115
FADI;114
FILIPE;114
FRED;114
SEBASTIEN;114
WALENTYN;114
EBRU;114
EMI;114
JENIFER;114
LOUISA;114
SHIRLEY;114
ZAREMA;114
ALEKSEJ;113
BERK;113
CONNOR;113
DÁNIEL;113
EDGARS;113
IONEL;113
LEE;113
MIRIAN;113
MIROSLAW;113
ORFEUSZ;113
PIETER;113
RASTSISLAU;113
ROI;113
TAKHIR;113
THORSTEN;113
WILLIBALD;113
WILMER;113
WOŁODYMYR;113
YAS?N;113
DOBROMIRA;113
ECE;113
LUCÍA;113
MARCELLA;113
SWIETLANA;113
BOAZ;112
MAHDI;112
REINER;112
BURCU;112
ELFRIEDE;112
ISLA;112
MATILDE;112
ROSIE;112
AVI;111
BRADLEY;111
NARIMAN;111
NAVEEN;111
NICODEM;111
ROBINSON;111
SAHIL;111
STEVE;111
ALEVTINA;111
ANASTASSIYA;111
ARYA;111
CEREN;111
DUYGU;111
ELFRIEDA;111
ELISABETA;111
GALIT;111
IANINA;111
ILSE;111
MAKKA;111
SERENA;111
TAISIA;111
AYAN;110
CAMERON;110
CHEN;110
HARRISON;110
JAVOKHIR;110
MATEUS;110
MELVIN;110
NIELS;110
PASQUALE;110
PAVLE;110
RUFAT;110
VINOD;110
VLAS;110
WILFRIED;110
YEVGENII;110
EDELTRUDA;110
EVE;110
GIZELLA;110
KATHLEEN;110
RAYANA;110
SONYA;110
TRAUTA;110
AGIL;109
AMRIT;109
ANTONINO;109
AYMAN;109
BISHNU;109
CIRO;109
HAMLET;109
INOCENTY;109
LADISLAV;109
SULEYMAN;109
TSOTNE;109
YANIS;109
ADELIIA;109
AYALA;109
DELIA;109
ESTELLE;109
GALI;109
MICHELA;109
NAILA;109
RADMILA;109
SIVAN;109
SNEZHANA;109
ZEHRA;109
ZENAJDA;109
ANDRIUS;108
FACUNDO;108
ISMAYIL;108
JURAJ;108
LAMBERT;108
MILOSZ;108
SALIH;108
SAMER;108
WAEL;108
YANG;108
YUSIF;108
AGUSTINA;108
DONNA;108
ESMA;108
GVANTSA;108
LUDOSŁAWA;108
MERIEM;108
NEHA;108
SVIATOSLAVA;108
VASILINA;108
ANDRIEJ;107
AURELIAN;107
BAKHTIYAR;107
DUC;107
ENVER;107
ILIIA;107
IRFAN;107
JURII;107
KHUSNIDDIN;107
LEVENT;107
NIKOŁAJ;107
ZAURI;107
AHNESA;107
ERIN;107
EVELIN;107
FLORENCJA;107
IOANA;107
JOY;107
KLARYSA;107
NATELA;107
NAWOJKA;107
OFRI;107
ROSITA;107
SNIZHANNA;107
ABDALLAH;106
BACHANA;106
ERKIN;106
FREDY;106
GLENN;106
GUVANCH;106
KAIRAT;106
MUKESH;106
MURMAN;106
ROLANDO;106
SILVIO;106
GERMANA;106
HAZEL;106
HORTENSJA;106
IEVA;106
IRINE;106
LI;106
MIŁA;106
PETIMAT;106
RANA;106
RONIT;106
SOPIKO;106
ALIN;105
ALLEN;105
AMOS;105
ANAND;105
ARKADY;105
BIBEK;105
CHINGIZ;105
DIONISIE;105
DOV;105
FURKAT;105
ITZHAK;105
JUMBER;105
MEKAN;105
MLADEN;105
NYKYTA;105
ROHAN;105
SAMUELE;105
SAROJ;105
VLADIMERI;105
WILLEM;105
YOUNES;105
ZACK;105
ANUSH;105
BRUNA;105
CHANA;105
GRACIELA;105
IMELDA;105
KARIONA;105
KSAWERYNA;105
MARA;105
POOJA;105
THERESA;105
YUNA;105
ZOHAR;105
ACHIM;104
AKMALJON;104
ASHRAF;104
AUGUSTIN;104
FARHAD;104
GOPAL;104
IAGO;104
IROSŁAW;104
LUC;104
NIGEL;104
RADYSLAV;104
SHMAGI;104
SUKHROB;104
USEVALAD;104
GEORGIEV;104
AMAYA;104
CAROLIN;104
DOMINICA;104
DZINA;104
EVGHENIA;104
IIA;104
KHRYSTSINA;104
LAVINIA;104
LÉNA;104
LIDWINA;104
LORA;104
MARLENE;104
NARGIZ;104
SNIAZHANA;104
VASYLYSA;104
ALPEREN;103
BAR;103
BRUCE;103
ILKHOMJON;103
MARTSIN;103
MOISES;103
OLEKSIJ;103
PANKRACY;103
RAJENDRA;103
ROTEM;103
SASHA;103
SHAKHIN;103
TENGIZI;103
ULRYK;103
WESLEY;103
ANZHELINA;103
BETTY;103
KERSTIN;103
MORAN;103
MZIA;103
NATÁLIA;103
SUNITA;103
ARTEMIUSZ;102
CORNELIS;102
CYRIL;102
DEMID;102
DEMYAN;102
DZIMITRY;102
EGE;102
EMZARI;102
FAZLIDDIN;102
FRANCOIS;102
HAO;102
JOE;102
KARAN;102
MARKIYAN;102
MEIR;102
PRADIP;102
VICENTE;102
AHAFIA;102
DAGNY;102
DANNA;102
JANETA;102
JANETTA;102
KAROLINE;102
LETIZIA;102
NADYA;102
NOYA;102
RAYISA;102
SHIRI;102
ZAIRA;102
ANTÓNIO;101
ASHER;101
BÜLENT;101
EROL;101
EVGENI;101
GORDON;101
GURPREET;101
HENNADIY;101
IONUT;101
LAWRENCE;101
NUGZARI;101
RADOMYR;101
WALERIJ;101
AIZHAN;101
AYSEL;101
ELISABETTA;101
LECHOSŁAWA;101
MILANIIA;101
SIMA;101
SUZAN;101
VILMA;101
VITALIYA;101
AHARON;100
COLLIN;100
HAKOB;100
ILHAM;100
ISKANDAR;100
KAY;100
KAZIMIR;100
MICHAIŁ;100
MOSES;100
NEMANJA;100
RODOLFO;100
SAUL;100
VALERIO;100
YEHONATAN;100
ZAKIR;100
ASIIA;100
GRYZELDA;100
MARGARETHE;100
MELA;100
ODETTA;100
ÖZGE;100
VIORIKA;100
WIOLA;100
